CustomerID,Age,MonthlyCharge,TenureMonths,SupportTickets,PlanType,Churn
1,56,73.2617266455023,5,2,Basic,1
2,69,44.247050363472965,65,2,Basic,0
3,46,46.924323094938096,30,1,Premium,0
4,32,57.728416310462265,21,7,Basic,0
5,60,22.007119777772637,70,9,Premium,1
6,25,52.20791655831783,22,0,Premium,0
7,38,41.14480069965447,32,7,Basic,0
8,56,52.74973521779147,33,6,Premium,0
9,36,31.97621318192512,16,6,Basic,0
10,40,109.0527280739895,38,2,Basic,0
11,28,79.35924535540487,14,0,Basic,0
12,28,87.91023191444896,36,3,Basic,0
13,41,98.91712386073382,23,8,Basic,0
14,53,69.84421989290573,66,4,Basic,0
15,57,28.69202880874237,2,0,Basic,0
16,41,73.71065418185478,65,4,Basic,0
17,20,78.68411180208791,67,7,Premium,1
18,39,94.54394741843299,52,7,Premium,0
19,19,63.16595462296794,62,4,Basic,0
20,41,32.75803027955638,23,8,Basic,1
21,61,48.37759057987245,26,0,Premium,0
22,47,56.30822963986351,68,3,Basic,0
23,55,84.59172413316013,55,2,Premium,0
24,19,77.07783046689119,6,1,Basic,0
25,38,55.60967258978462,35,7,Basic,1
26,50,118.65152487929797,22,6,Basic,1
27,29,80.57748193568872,43,8,Basic,1
28,39,43.722679173599445,15,1,Premium,0
29,61,30.178247262040372,60,3,Basic,0
30,42,35.2859139184332,12,5,Premium,0
31,66,44.59577283845081,49,2,Premium,0
32,44,36.06813732595557,42,7,Basic,1
33,59,38.656702405130574,38,2,Premium,0
34,45,48.50951686938471,45,1,Basic,0
35,33,37.33735952947548,35,2,Basic,0
36,32,109.67654246264252,30,5,Premium,0
37,64,28.02337456616422,30,1,Basic,0
38,68,72.45113895702546,6,7,Basic,1
39,61,61.03968269896615,67,0,Basic,0
40,69,118.23786169086064,7,6,Basic,1
41,20,31.203890216805235,52,1,Premium,0
42,54,59.785559904574164,14,9,Premium,1
43,68,116.94704332753689,15,5,Premium,0
44,24,106.55071258939803,21,1,Premium,0
45,38,101.707207094928,35,1,Basic,1
46,26,45.79028270449398,66,9,Basic,0
47,56,37.08875873900658,2,7,Basic,1
48,35,86.8643219924431,35,1,Basic,0
49,21,112.93759891275857,20,6,Basic,1
50,42,75.67628930139298,10,2,NULL_VAL,0
51,31,77.16126894698999,25,7,Basic,0
52,67,47.997909366028416,66,6,Basic,0
53,26,96.94929331919369,25,7,Basic,1
54,43,38.704374855752334,54,6,Premium,0
55,19,52.367923640424365,33,5,Premium,0
56,37,62.54364386164168,36,6,Basic,1
57,45,70.7610378684455,14,4,Basic,0
58,64,44.24097324150802,65,6,Premium,1
59,24,31.483682473920354,54,0,Basic,0
60,61,81.06200424416326,52,0,Basic,0
61,25,48.86305532402558,3,8,Premium,1
62,64,78.12382214226122,41,4,Premium,0
63,52,35.43627152742023,6,4,Basic,0
64,31,68.11401018548175,25,2,Premium,0
65,34,73.25894325515858,13,4,Premium,0
66,53,25.18235368224269,8,2,Basic,0
67,67,53.660427819392055,21,8,NULL_VAL,1
68,57,33.44146769389742,68,8,Premium,1
69,21,26.337497047276774,25,5,Premium,0
70,19,118.99602323899452,68,0,Premium,1
71,23,52.235384497472296,45,6,Basic,1
72,59,100.98744458546349,60,6,Basic,1
73,21,45.46406547637638,12,9,Basic,0
74,46,88.15027222239293,32,9,Basic,0
75,35,96.02278598896865,13,3,Basic,0
76,43,79.56387406078443,31,7,Premium,1
77,61,67.15761885501584,20,5,Premium,0
78,51,61.18409141472685,18,3,Premium,0
79,27,54.88682665429953,60,3,Premium,0
80,53,112.95291442478259,63,1,Premium,0
81,31,103.06194077877291,6,1,Basic,0
82,48,116.50269106665125,32,3,Basic,0
83,65,32.42972234855447,43,4,Basic,0
84,32,93.08674752036443,2,7,Premium,1
85,25,113.83404568210378,60,5,Basic,0
86,31,38.12330661656601,23,3,Premium,0
87,40,26.64962673667775,31,6,Basic,0
88,57,94.11206492900591,5,7,Premium,0
89,38,77.4473113179912,34,1,Premium,0
90,33,104.1828776758272,10,6,Premium,0
91,62,33.97723766262895,2,1,NULL_VAL,0
92,35,99.52673118598902,11,1,Premium,0
93,64,40.162732004774455,50,7,Premium,1
94,41,36.36559428657045,31,1,Premium,0
95,43,36.42657979309929,56,8,Premium,0
96,42,101.45747202313821,9,0,Premium,0
97,62,86.51972206962002,21,8,Basic,1
98,58,72.30654247691193,28,0,Basic,0
99,46,55.88304841235025,62,9,Basic,1
100,32,107.72005408131082,7,9,Basic,1
101,62,59.244510742263536,16,1,Basic,0
102,18,101.65994394715771,4,5,NULL_VAL,1
103,42,63.91349085702184,4,5,Premium,1
104,24,57.69444294249076,40,0,Premium,0
105,26,66.26797856696064,17,6,Basic,0
106,41,50.13778741641421,52,7,Basic,0
107,18,94.76093801762511,52,1,Basic,0
108,61,70.27203900924792,36,7,Basic,0
109,25,43.22126951468173,38,8,Basic,1
110,41,109.95745732745685,50,5,Basic,0
111,28,58.38912213732114,63,4,Premium,0
112,68,74.35528611139887,63,8,Premium,0
113,34,110.6472110964547,62,8,Basic,1
114,25,82.42379959139922,7,0,Basic,0
115,52,31.68980407083641,27,2,Basic,0
116,52,113.98321236134751,14,8,Basic,1
117,50,82.77080530714179,71,1,Premium,0
118,22,53.49056146570861,5,3,Basic,1
119,59,33.927207266338726,55,3,Basic,0
120,56,99.4025189270296,2,1,Basic,1
121,58,82.00727559285136,62,2,Basic,0
122,45,73.34610919763216,21,2,Premium,0
123,24,109.38925830509577,21,0,Premium,0
124,26,98.85972112245308,10,5,Premium,0
125,25,35.167487973275115,58,7,Basic,0
126,29,51.17220677955483,39,2,Basic,0
127,51,44.84891398144657,5,4,Basic,0
128,50,94.3946292572677,65,0,Premium,0
129,65,23.353243473577937,13,9,Basic,1
130,40,76.98896848713164,53,6,Basic,0
131,41,96.24586857406905,45,9,Premium,0
132,54,107.67656367617495,32,0,Premium,0
133,52,54.20817487159075,36,8,Basic,0
134,61,102.12573046720128,60,7,Basic,0
135,57,31.063173695520724,11,6,Basic,0
136,39,104.64522917345182,63,9,Premium,0
137,44,32.74886623319824,21,6,Basic,1
138,52,59.72872905603673,52,4,Premium,0
139,18,99.72953657795536,55,4,Basic,0
140,52,34.99174273487738,26,4,Premium,0
141,54,42.92513952326415,68,0,Premium,0
142,64,92.22525683930662,34,7,Basic,1
143,31,92.00365365460743,52,0,Premium,0
144,20,84.11476328852973,52,3,Basic,0
145,18,89.39484444671,29,8,Premium,1
146,22,74.27244433475963,38,8,Premium,0
147,43,45.179905890695274,42,4,Basic,0
148,31,54.56959935039195,21,3,Premium,0
149,56,38.15977168014257,42,2,NULL_VAL,0
150,44,110.84505613336283,13,2,Basic,0
151,26,78.33917947661205,64,4,Basic,0
152,32,60.08514167636399,17,9,Premium,0
153,32,66.20058036441327,9,0,Premium,0
154,43,114.72833396118153,41,4,Basic,0
155,59,35.33514031160802,1,5,Basic,0
156,30,78.62298320167972,2,6,Basic,0
157,68,70.5888678884466,60,8,Basic,1
158,49,81.14542354346477,48,2,Basic,0
159,56,21.81101838208405,29,1,Premium,0
160,66,107.21239089441515,10,2,Basic,0
161,69,113.21182824836124,58,8,Premium,1
162,49,76.51331835892088,60,6,Basic,0
163,21,89.66508238768922,21,8,Basic,1
164,47,112.24993811772957,28,1,Basic,0
165,54,90.72386343133986,34,4,Basic,0
166,40,35.25390429142614,8,3,Premium,0
167,56,77.62883601668132,59,1,Premium,0
168,62,80.6715046382856,49,8,Premium,0
169,32,62.4130671302386,17,8,NULL_VAL,1
170,60,93.64442356247228,60,5,Premium,0
171,46,113.43670147690149,45,5,Basic,0
172,53,112.55685129067763,69,7,Premium,1
173,30,65.08393714041321,32,5,Premium,0
174,49,31.323804584075525,44,0,Basic,0
175,24,118.48411989623345,65,3,Premium,1
176,68,103.88980864459342,8,6,Basic,0
177,39,32.46626812032669,43,1,Basic,0
178,45,112.08418826173724,1,8,Premium,1
179,19,106.98963620621282,51,7,Basic,1
180,59,71.88380571260721,24,7,Basic,0
181,62,79.12754357449293,24,6,Premium,1
182,23,59.90027038701302,17,3,Premium,0
183,45,25.47616388220313,5,1,Basic,0
184,45,53.519724164590095,20,2,Premium,0
185,61,100.28534485980114,21,5,Basic,0
186,61,20.463202300460285,58,4,Basic,0
187,37,53.34991716911442,31,7,NULL_VAL,0
188,47,59.81686935909433,11,5,Premium,0
189,28,73.7395602937923,52,5,Basic,0
190,45,111.98556164127605,15,0,Premium,1
191,42,54.634599436596126,7,3,Premium,0
192,56,54.69532018962277,28,4,Basic,0
193,50,93.75012481097484,51,2,Basic,0
194,18,65.22179408898072,58,8,Basic,0
195,44,42.4604822939982,5,0,Premium,0
196,69,65.24395161326933,5,5,Premium,1
197,30,34.085702037979985,8,5,Premium,0
198,58,37.63869865062233,64,9,Premium,1
199,20,69.83677727394797,10,4,Premium,0
200,56,61.89254495045479,38,4,Basic,0
201,23,111.48459010681,8,9,Basic,1
202,25,56.23938991166331,25,4,Basic,0
203,44,78.05883502780435,66,5,Basic,0
204,26,83.22642879195304,50,7,Premium,0
205,54,21.309445658833365,67,1,Premium,0
206,50,86.35373720167107,49,5,Basic,0
207,68,37.80359668697514,36,0,Basic,0
208,59,116.10703174694551,68,3,Premium,0
209,61,34.866272775311295,41,9,Basic,1
210,41,61.462412372702374,62,2,Basic,0
211,32,28.534966807864386,10,8,Basic,1
212,49,119.68742518459473,21,2,Basic,0
213,49,70.21950103312426,36,5,Premium,0
214,41,79.53850173200438,12,0,Basic,0
215,58,26.70764773884275,2,5,Basic,0
216,69,94.99604703991778,13,3,Basic,0
217,66,40.99055930955858,53,7,NULL_VAL,1
218,66,109.80542894407138,32,8,Basic,1
219,69,40.51396404820072,16,3,Basic,0
220,29,39.068772066366655,32,9,Basic,1
221,56,23.65496678480949,32,9,Basic,1
222,19,67.20669451099992,11,5,Basic,0
223,20,76.48411332626165,10,0,Premium,0
224,66,26.57086394283524,15,3,Basic,0
225,54,97.55276166950105,17,6,Basic,1
226,66,65.32888347480275,40,0,Premium,0
227,34,72.439026932758,18,7,Basic,1
228,66,64.07627469382282,55,9,Basic,0
229,19,60.0763060875326,25,5,Basic,0
230,19,75.96403313082179,59,4,NULL_VAL,0
231,45,35.524024593071246,22,9,Basic,0
232,40,38.19281304952711,30,8,Premium,0
233,54,106.17856210135173,44,1,Premium,0
234,49,114.61154621336327,32,4,Basic,1
235,50,57.330931627975296,51,5,NULL_VAL,0
236,18,47.074467314355374,46,6,Basic,0
237,36,84.39995432390158,21,4,Basic,0
238,19,60.87341710980964,32,8,Premium,0
239,61,22.538635566034486,39,0,Premium,0
240,43,35.61525973661904,12,6,Premium,1
241,49,91.59722288473975,47,9,Basic,1
242,23,85.89239419101514,18,6,Basic,1
243,49,22.709599250348347,21,3,Premium,0
244,21,42.19721619329495,13,8,Basic,0
245,28,43.10747965880714,21,4,Basic,0
246,34,87.18927435987284,8,3,Basic,0
247,55,21.971053775436417,46,6,Basic,0
248,41,30.410858198457383,7,3,Premium,0
249,22,99.99160853731894,23,2,Basic,1
250,69,37.85446620543336,22,8,NULL_VAL,0
251,51,85.27461078518748,22,7,Basic,1
252,23,43.81827810467265,29,0,Premium,0
253,39,29.944139275934518,13,6,Basic,0
254,28,44.317219099945405,2,8,Basic,1
255,65,92.22669318556592,29,7,Basic,1
256,33,105.56964681062857,52,7,Basic,1
257,50,103.02198645669915,27,5,Basic,1
258,26,59.71835296184548,50,3,NULL_VAL,0
259,23,86.80851365706462,23,7,Premium,1
260,33,40.4984295415821,44,2,Basic,0
261,46,49.31477302610133,22,8,Basic,0
262,20,109.63358185211197,43,1,Basic,0
263,37,21.300192351073605,37,1,Basic,0
264,53,28.550853085446807,61,6,Premium,1
265,36,40.78862551460273,56,9,Premium,0
266,43,22.65322038738197,3,3,Basic,0
267,20,38.14354350897973,63,9,Basic,0
268,36,78.30415609696922,19,7,Basic,0
269,37,62.1424550592498,23,8,Premium,0
270,49,109.26717110769748,29,6,Basic,1
271,24,101.7443561738441,30,4,Premium,0
272,69,54.1817351697876,39,7,Premium,1
273,58,45.94234334312925,25,3,Basic,0
274,50,57.96924081672669,8,1,Premium,0
275,57,79.02949425148077,58,5,Basic,0
276,56,46.80636408228763,16,8,Premium,1
277,35,82.41489078491341,1,0,Basic,1
278,57,60.941165219124045,5,9,Basic,1
279,18,75.20471808519802,3,6,Premium,0
280,28,63.61265291353167,65,9,Premium,0
281,45,49.44657595419177,4,8,Premium,1
282,42,114.84533069621567,64,9,Basic,0
283,67,96.36057941597608,10,8,Premium,1
284,40,34.011317576645254,21,9,Basic,1
285,48,106.84679758979128,46,2,Premium,0
286,47,68.74311982495136,27,4,Basic,0
287,59,109.45522268940914,66,7,NULL_VAL,0
288,52,99.98552559473153,41,7,Premium,1
289,24,62.52135044692334,13,3,Premium,0
290,33,22.24693083201174,9,0,Basic,0
291,43,46.867735938494604,36,0,Basic,0
292,65,74.16342146608669,58,3,Premium,0
293,69,83.34782198261473,54,5,Basic,0
294,66,45.78876854332023,12,7,Premium,0
295,19,33.93560740728241,14,5,Basic,0
296,18,103.4930236799299,34,8,Basic,0
297,65,118.44021807035521,53,8,Premium,1
298,29,72.56901823026858,20,1,Premium,0
299,22,37.16792858483035,16,9,Basic,0
300,54,47.2307326519369,70,0,Basic,0
301,49,21.839067654746675,56,1,Basic,0
302,26,111.4298806560499,58,4,Premium,0
303,58,31.775108289014113,4,3,Basic,1
304,52,77.65164755142536,4,3,Premium,0
305,36,47.4055220687206,20,8,Premium,1
306,65,75.41780025157934,10,7,Basic,0
307,33,85.14203883518643,24,5,Premium,0
308,20,102.97418037072016,26,0,Basic,0
309,37,40.64212717606032,37,1,Basic,0
310,41,21.09958286584805,54,5,NULL_VAL,0
311,50,33.68856300688073,21,1,Basic,0
312,41,110.00186418481051,38,9,Basic,1
313,69,107.38900775625153,46,4,Basic,0
314,28,79.74131021703083,4,4,Basic,1
315,66,80.05168604336534,60,5,Basic,0
316,25,86.50366745462554,57,5,Premium,0
317,53,37.53712786234496,45,5,Premium,0
318,55,111.44119459249598,20,1,Premium,0
319,57,61.87705248920731,17,9,Basic,1
320,37,58.31385282494975,71,2,Basic,0
321,52,71.89177052828376,4,5,Basic,0
322,65,24.696596677505504,14,7,Basic,1
323,42,36.62833687560794,3,0,Basic,1
324,52,93.80336164263704,58,0,Basic,1
325,42,28.279866792512646,55,1,Basic,0
326,46,80.31521094663881,4,5,Basic,1
327,35,44.534910968132095,24,8,Premium,0
328,63,58.929561404197656,34,3,Premium,0
329,35,48.86937367706999,30,2,Premium,0
330,19,55.567271646494916,19,7,Premium,0
331,52,91.90459051842456,31,9,Premium,1
332,33,49.7121715623175,60,8,Basic,0
333,58,76.64046402968972,60,4,Basic,0
334,53,67.60504021990997,19,8,Premium,0
335,50,86.36711653626482,49,1,Premium,0
336,21,113.6829739324758,63,2,Premium,1
337,50,93.25720972102503,22,6,Premium,0
338,31,41.494037859075675,24,6,Basic,0
339,38,23.118313506128466,30,5,Premium,0
340,65,46.22640442998251,58,5,Premium,0
341,37,79.50779307002549,31,1,Basic,0
342,25,25.142581348425033,64,9,Premium,0
343,24,69.63662472012363,19,5,Basic,0
344,20,79.68428489168892,48,3,Premium,0
345,34,53.424389081696084,45,2,Premium,0
346,50,97.09122037458219,55,1,Basic,0
347,65,30.65982531337718,55,0,Premium,0
348,29,27.513778173580874,18,4,Basic,0
349,68,92.81887562036033,63,1,Premium,0
350,39,69.54913162061985,47,1,Basic,0
351,39,88.84023964277361,57,6,Premium,1
352,63,63.48273386037462,45,7,Basic,0
353,47,44.64020332391068,33,9,Premium,0
354,55,101.91023176741997,17,7,Basic,0
355,55,99.94158789689793,70,3,Premium,0
356,62,89.46964708544267,4,0,Premium,0
357,68,47.21451372299627,20,6,NULL_VAL,0
358,25,79.0230666869087,47,0,Premium,0
359,44,56.09738969400268,15,3,Premium,0
360,44,29.158207332663416,70,7,Basic,0
361,51,111.73135754622427,47,1,Basic,1
362,38,33.68186309189614,9,5,Basic,0
363,47,115.02373538208025,16,5,Premium,1
364,50,64.60057729579557,69,8,Premium,0
365,45,38.513292883861965,61,4,Basic,0
366,64,74.1900947378358,10,9,Premium,1
367,50,107.29458358764083,50,3,Premium,1
368,22,93.22248864095612,3,4,Premium,1
369,65,100.65611478614497,70,9,Basic,0
370,36,85.87833667107174,51,4,Basic,0
371,21,89.22765645178525,19,7,Basic,0
372,52,104.91956515653193,42,9,Premium,0
373,66,44.966800885918595,35,7,Basic,0
374,34,68.94249636431405,46,1,Basic,0
375,61,42.120944181960226,26,6,Premium,0
376,45,118.7668007996647,69,7,Premium,1
377,47,114.40593396866133,64,5,Premium,0
378,46,23.942681136850588,37,4,Basic,0
379,63,90.55751725156884,49,8,Basic,1
380,23,112.52483174156659,21,2,Premium,1
381,52,38.057534512733355,64,9,Basic,1
382,58,76.79452305526294,5,3,Basic,0
383,54,111.54882975880419,70,8,Basic,1
384,41,23.394597858579885,4,5,Basic,1
385,46,89.742026724684,39,7,Basic,0
386,66,49.734900737255074,35,6,Basic,1
387,63,112.43961953765304,1,1,Basic,1
388,48,117.10582451653677,24,2,Basic,0
389,52,114.42664891134339,57,0,Premium,1
390,50,67.42142166574638,70,8,Basic,1
391,69,106.20426509893134,41,6,Premium,1
392,38,104.45493985350704,54,0,Basic,0
393,49,51.91004732432556,46,2,Basic,0
394,40,102.89154741506773,60,3,Premium,0
395,50,23.700763471549262,60,3,Basic,0
396,20,79.6269878482053,57,4,Basic,0
397,35,43.000883728770305,31,2,Basic,0
398,42,32.05668857772788,24,2,Premium,0
399,59,27.695320162920915,36,0,Basic,0
400,48,89.62887758781397,30,6,Basic,0
401,20,53.98749637680661,24,9,Premium,1
402,57,92.47667715287615,30,0,Basic,0
403,63,26.535634079894237,7,1,Basic,0
404,41,51.52903378306104,35,3,Basic,0
405,67,73.94912923753373,55,3,Premium,0
406,49,99.07231648389636,14,4,Basic,0
407,64,51.87525029320699,10,1,Basic,0
408,39,82.58913764370091,16,3,Basic,0
409,40,108.5977748236187,54,0,Premium,0
410,19,81.58631881823047,70,1,Basic,0
411,44,43.29594747536338,44,0,NULL_VAL,0
412,59,22.4400781556538,45,9,Basic,0
413,19,107.00988739009298,56,9,NULL_VAL,1
414,43,22.126941085038712,57,3,Premium,0
415,34,107.47016726841994,21,3,Basic,1
416,57,72.8937134027212,68,6,Basic,0
417,50,113.90676985128962,50,9,Basic,1
418,26,99.87832357736654,33,8,Basic,1
419,60,119.79341105333374,7,8,Premium,0
420,65,55.071181545171015,70,4,Basic,0
421,56,96.71882889311269,15,9,Basic,0
422,46,60.193091360924214,32,0,Basic,0
423,59,67.98756203039088,20,0,Premium,0
424,43,82.750546321837,15,5,Basic,0
425,52,107.36771141863387,48,1,Basic,0
426,67,118.40834691992951,71,7,Basic,1
427,42,96.82734138645182,21,8,Premium,1
428,41,61.77667821673337,42,3,Premium,0
429,30,62.13570022770702,26,4,Basic,0
430,24,93.75823015888915,14,7,Basic,0
431,53,43.87771457683023,57,2,Basic,0
432,62,31.047411313139467,37,4,Basic,0
433,37,55.462215764077655,58,2,Premium,0
434,18,48.72389916540817,21,9,Premium,1
435,25,49.63081204559901,69,2,Basic,0
436,63,43.36077510499099,3,2,Premium,0
437,33,24.20931896363619,37,6,Basic,1
438,31,21.787393473341382,49,6,Premium,0
439,29,118.77223897360315,19,6,Premium,1
440,68,62.77731337358623,12,9,Basic,0
441,40,58.432664715968166,61,7,Premium,0
442,32,87.96472826930699,41,4,Basic,0
443,45,41.825388786506416,33,4,Basic,0
444,51,114.99611839502253,50,3,Basic,0
445,19,98.6345014415552,68,6,Basic,0
446,49,28.941100231225953,71,9,Premium,0
447,40,61.75807757849284,33,3,Premium,0
448,39,107.91183075621647,24,1,Premium,0
449,68,114.47320222914102,61,3,Premium,1
450,42,66.74015112498697,61,7,Premium,0
451,39,81.34113892107078,28,8,Basic,1
452,39,36.70339460920752,58,2,Basic,0
453,66,119.11686261369765,43,6,Basic,1
454,69,43.16717013834434,41,8,Premium,0
455,59,114.27317741351257,39,3,Premium,0
456,23,84.96466489923685,49,9,Basic,1
457,32,80.77367948788591,17,2,Premium,0
458,60,71.26885110165085,70,4,Premium,0
459,54,43.066981171775865,70,0,Basic,0
460,50,37.65280320055083,65,2,Basic,0
461,25,42.048620907017536,5,7,Basic,1
462,61,38.64382621442545,2,7,Basic,0
463,61,97.95844735667534,22,3,Basic,1
464,22,55.01252591667301,57,1,Basic,0
465,56,25.784267656339637,66,7,Basic,0
466,21,116.91026301408114,16,7,Basic,1
467,23,108.37858849634257,51,9,Premium,0
468,62,112.77522831952129,39,3,Basic,0
469,49,119.49078226464353,40,2,Premium,1
470,69,37.389524921948734,38,1,Basic,0
471,47,59.62420189026587,60,8,Basic,1
472,64,95.82384757040913,59,0,Premium,0
473,52,89.60206180537922,10,6,Basic,1
474,57,35.389590633985506,64,4,Basic,0
475,69,101.58331249906178,63,7,Premium,1
476,33,42.44405718366607,49,3,Basic,0
477,30,42.381761482262306,64,6,Basic,0
478,67,73.69744228934135,32,4,Basic,0
479,59,79.29399348417031,7,4,Basic,0
480,47,78.00862078378111,21,8,Basic,0
481,36,29.148683739775485,20,8,Basic,0
482,34,107.74608626303804,26,8,Premium,1
483,36,46.560004258870606,68,5,Premium,0
484,45,32.95149212828042,15,5,Premium,0
485,43,108.87480798689772,14,4,Premium,0
486,54,115.56514982297534,27,8,Premium,0
487,43,106.21276172654507,40,9,Basic,0
488,40,100.95160747248781,58,7,Premium,0
489,26,85.52419806390218,28,6,Premium,0
490,29,75.08573706091393,26,6,Premium,1
491,18,28.698675991141016,63,5,Basic,0
492,18,60.845321307069874,66,4,Basic,0
493,64,57.2688517012314,25,3,Basic,0
494,51,45.97537837603262,3,2,Premium,1
495,49,92.3420113688585,44,2,Basic,0
496,65,69.58757350787708,42,5,Premium,0
497,42,28.104621590764793,6,3,Basic,0
498,57,42.01832019498113,39,5,Basic,0
499,62,88.32587636595959,52,2,Basic,0
500,18,27.61308594903002,23,3,Basic,0
501,33,105.12069140487687,50,8,Basic,1
502,56,69.51465270139744,43,4,Basic,0
503,22,68.0586577326648,19,6,NULL_VAL,1
504,39,79.24077846595176,69,9,Basic,1
505,46,102.46809659251491,51,1,Basic,0
506,20,54.780920790219305,11,4,Premium,0
507,29,87.80161525590636,12,8,Premium,1
508,43,76.5731963995791,8,2,Premium,0
509,33,46.70282701694213,24,8,Basic,0
510,68,107.8629986355158,41,5,Premium,0
511,54,99.74260216069281,36,3,Premium,0
512,39,85.84518346584255,55,6,Basic,0
513,46,105.05817290942419,9,7,Basic,0
514,31,106.72942009598023,47,5,Basic,0
515,45,90.83629767150347,15,4,Basic,0
516,22,103.7013328363672,48,5,Premium,0
517,64,89.74714616692836,42,4,Basic,0
518,66,88.01407717603004,60,7,Premium,1
519,47,81.86113782151844,70,0,Basic,0
520,63,95.27166395576413,12,6,Basic,0
521,69,35.86051052930737,2,9,Basic,1
522,22,108.08707591989284,7,9,Basic,1
523,29,107.1843527745232,3,1,Premium,0
524,33,22.924728303455915,3,8,Premium,1
525,43,102.58167505647627,27,0,Basic,0
526,43,32.88698674734452,40,9,Basic,0
527,65,53.51188542591419,33,5,Basic,0
528,38,94.35082562916078,1,8,Premium,1
529,56,36.07598960483082,8,0,Basic,0
530,53,101.79670241190622,32,3,Basic,0
531,50,103.21341779577419,48,3,Premium,0
532,47,70.74677337608362,4,8,Premium,0
533,54,20.63858717168336,70,4,Basic,0
534,40,48.70381331749128,19,4,Basic,0
535,27,81.69269183757422,32,5,Premium,0
536,22,118.11861780274235,9,0,Premium,1
537,53,83.18135270166684,12,0,Basic,0
538,51,45.98035810641598,11,8,Premium,0
539,69,83.40057030996113,46,2,Premium,0
540,48,73.99853797158555,16,3,Basic,0
541,27,97.98453951511436,1,0,Basic,0
542,36,30.69806388269584,63,8,Basic,0
543,49,96.1027902502028,21,7,Premium,1
544,18,74.12665786761103,30,1,Basic,0
545,22,116.29920038589947,13,7,Premium,0
546,62,54.187216603868606,34,6,Premium,0
547,21,83.26218931339481,4,5,Basic,0
548,33,113.20281055100175,28,0,Premium,0
549,41,30.250972799067924,59,6,Premium,0
550,33,113.72284872364511,27,9,Basic,0
551,19,88.78857223008133,69,6,Basic,0
552,66,26.78370591051719,25,8,Basic,0
553,45,50.096356694681624,3,0,Premium,0
554,49,90.81720886452815,68,1,NULL_VAL,0
555,44,26.73506014687717,25,8,Basic,0
556,37,78.21704601762733,20,8,Premium,0
557,41,54.588305695295674,34,5,Basic,0
558,29,82.0915517767477,26,5,Basic,0
559,67,24.574203381251287,5,3,Basic,0
560,52,107.15368061523763,61,3,Basic,0
561,50,117.3488969177397,9,4,Basic,0
562,50,116.88778552856915,50,2,Basic,0
563,68,94.96518317429248,6,0,Basic,0
564,60,33.0086240130632,60,0,Premium,0
565,54,95.82631959290225,44,6,Basic,1
566,29,22.45869164588015,11,0,Basic,0
567,20,22.212355152899725,66,0,Basic,0
568,18,52.36102191495412,47,2,Premium,0
569,50,68.86431904046657,3,9,Basic,0
570,57,97.04074178077931,30,3,Basic,0
571,27,88.32953766065052,21,3,NULL_VAL,0
572,60,64.59027063767483,28,1,Basic,0
573,61,47.362666628166586,62,0,Basic,0
574,46,119.71245001577111,33,2,Premium,0
575,30,62.6181302235973,35,3,Basic,0
576,29,65.13870243296755,52,2,Basic,0
577,48,36.36238211916692,34,7,Basic,1
578,63,99.48095487499293,41,9,Basic,1
579,19,89.36822257814886,51,0,Basic,0
580,68,42.07696127887604,47,1,Basic,0
581,67,28.23810456158427,58,6,Basic,0
582,52,88.0499302074713,57,3,Basic,0
583,40,85.45112142811352,23,7,Premium,1
584,34,47.32595269982093,48,2,Basic,0
585,43,115.08635622504103,22,5,Basic,0
586,25,35.10578917809002,17,8,Premium,0
587,46,63.23348010426019,69,0,Premium,0
588,43,114.36159201675989,11,0,Basic,0
589,27,61.97273169261223,15,7,Premium,1
590,43,83.85259476640856,35,2,Basic,0
591,51,59.75943979627943,33,4,Basic,0
592,68,47.421520234867,16,0,Premium,0
593,58,118.39776479598282,34,4,Basic,0
594,24,60.9334006315043,66,5,Basic,0
595,21,109.40992036791344,40,7,Basic,1
596,67,42.99546058910862,28,2,Basic,0
597,62,41.31047040250833,47,2,Basic,0
598,28,23.113408288451136,39,9,Premium,0
599,46,85.1666825375885,70,8,Basic,1
600,53,56.852634372376116,20,3,Premium,0
601,42,106.4358249839637,1,3,Basic,1
602,38,67.32099066915572,63,6,Premium,1
603,53,116.81934279147217,67,1,Premium,0
604,27,38.55255157031212,4,7,Premium,0
605,54,106.86231679556109,58,5,Basic,0
606,26,97.65968527917417,25,2,Basic,0
607,41,97.0921844644052,47,8,Basic,1
608,52,104.47832281168877,38,4,Premium,0
609,66,96.10239909429988,15,7,Premium,1
610,52,82.62203216314154,63,6,Basic,1
611,65,33.12448776823876,21,7,Basic,0
612,53,23.25261794912519,57,6,Basic,0
613,35,112.08478478156869,53,2,Premium,0
614,66,81.6650314520738,46,1,Basic,0
615,56,99.65372909761763,14,6,Premium,1
616,49,68.15223515125501,17,2,NULL_VAL,0
617,41,31.730818896239448,39,2,Basic,0
618,40,32.51857922025504,9,1,Basic,0
619,49,88.55652872289714,6,3,Basic,0
620,54,63.030589489946266,23,7,Basic,0
621,29,40.05247267003367,59,0,Basic,0
622,66,69.15945467414369,46,0,Basic,0
623,30,26.420893707513407,38,4,Premium,0
624,40,78.19714019143987,14,4,Basic,0
625,42,46.89934044350977,62,0,Basic,0
626,52,99.75591006371882,35,5,Premium,0
627,58,51.03619589235738,19,0,Premium,0
628,47,65.52201490818013,30,4,Basic,0
629,34,21.162053990810065,25,8,Basic,0
630,66,27.24468877945589,40,4,Basic,0
631,37,59.24935564066848,14,5,Premium,0
632,65,67.99388347171235,26,7,Premium,0
633,42,80.00205481193038,22,0,Premium,0
634,39,49.16625787093032,48,1,Basic,0
635,30,89.49818861265426,51,8,Premium,0
636,36,106.01223971892045,3,2,Basic,0
637,66,97.98509888933498,42,5,Basic,0
638,53,23.961882534835716,19,4,Basic,0
639,29,68.0506947257829,28,1,Basic,0
640,58,30.493017841817487,45,6,Basic,0
641,36,44.204501586252746,71,3,Premium,0
642,29,118.66625932671465,63,0,Premium,1
643,26,34.24955429015132,19,3,Basic,0
644,24,69.88881534513561,47,5,Basic,0
645,45,81.81557343181191,14,6,Basic,0
646,31,90.2464970544104,38,6,Basic,1
647,48,75.96486834869141,53,6,Basic,0
648,69,20.977084741918365,61,2,Premium,0
649,36,52.64613082439919,36,5,Basic,0
650,64,71.77116433847115,40,7,Basic,1
651,33,28.786649914483334,30,3,Basic,0
652,22,55.06269312091808,9,7,Premium,0
653,52,23.320310879136656,64,1,Premium,0
654,29,27.857849715502073,33,9,Premium,1
655,42,59.69232762015961,52,8,Premium,1
656,69,33.271575404306034,14,8,Basic,1
657,38,76.75408482615582,53,7,Basic,0
658,53,88.94649691372658,59,9,Premium,1
659,40,100.05866991090829,41,9,Basic,0
660,33,40.01502442448101,68,0,Basic,0
661,56,36.74825822590698,68,1,Basic,0
662,62,30.456784033440023,8,5,Basic,0
663,59,83.64302495436367,2,9,Basic,1
664,56,90.64757264869012,41,4,Basic,0
665,31,23.158614482564204,55,8,Premium,0
666,48,113.62122462436898,16,4,Basic,0
667,22,25.197128365147243,62,1,Basic,0
668,52,74.12963353010704,48,9,Basic,0
669,40,90.90605194509165,30,3,Basic,1
670,46,107.09691237460856,12,8,Basic,1
671,60,91.40869321324278,35,0,Basic,0
672,28,100.17280830697918,11,0,Basic,0
673,35,53.94501925428061,64,6,Basic,1
674,64,101.48251137465122,50,2,Basic,1
675,29,28.011484638467515,21,9,Basic,0
676,26,109.48166560605276,69,1,Basic,0
677,27,74.75923761537362,48,8,Basic,0
678,61,101.72977699624937,20,2,Basic,0
679,34,65.23182845183001,67,1,Premium,0
680,55,84.35776951965249,44,7,Basic,0
681,24,72.64026609361133,33,9,Basic,0
682,63,93.15895217553319,61,5,Basic,0
683,30,28.162998203058958,9,5,Premium,0
684,57,26.03520839905638,68,9,Premium,0
685,59,44.71032340101465,35,6,Premium,0
686,26,35.95446801131884,65,6,Premium,1
687,67,107.17835665922017,8,5,Basic,1
688,44,41.92139873580443,45,3,Premium,0
689,19,117.58652558191314,47,8,Basic,0
690,22,53.68957917711069,40,5,Basic,0
691,46,38.21179156886993,54,3,Basic,0
692,54,98.96985071424791,46,2,Basic,0
693,55,85.87077755008761,47,3,Premium,0
694,36,69.8195716453139,15,2,Basic,0
695,25,75.53635509376312,19,1,Premium,0
696,65,91.92017782722638,26,4,Basic,1
697,62,42.84547413312987,52,1,Basic,0
698,18,119.63339160567419,22,5,Basic,0
699,39,117.4793162146783,21,2,Basic,0
700,69,85.03256863469369,51,5,Premium,0
701,34,39.95424509291451,38,9,Basic,0
702,24,88.02282424312914,20,8,Basic,0
703,42,27.219840897917585,29,0,Premium,0
704,62,23.065250220580605,51,5,Basic,0
705,21,45.76828885112137,4,8,NULL_VAL,1
706,53,66.26229567393163,55,3,Basic,0
707,23,106.82725054083805,71,1,Basic,0
708,48,92.7169069766308,28,3,Basic,0
709,36,94.2706521199981,4,0,Basic,0
710,61,62.54933344480754,22,2,Basic,0
711,56,54.59349925469629,45,9,Premium,0
712,44,57.10387629846027,67,8,Premium,1
713,27,118.76495637360578,66,9,Premium,1
714,43,24.010919141248248,34,4,Basic,0
715,36,106.70314961224486,55,5,Basic,1
716,56,77.86754085723933,1,2,Basic,1
717,20,63.86154191895905,38,4,Basic,0
718,62,92.52576604151365,6,7,Premium,0
719,30,68.66689414247028,25,5,Basic,0
720,67,107.34232380816606,17,3,Basic,0
721,45,110.07018640112585,61,1,Basic,0
722,37,62.17209268734554,12,8,NULL_VAL,0
723,45,47.682779723505156,6,0,Basic,0
724,25,79.23503285933623,27,0,Basic,0
725,58,111.2363345616691,8,3,Basic,0
726,56,41.06621890056665,65,6,Basic,0
727,18,82.29665835634827,57,0,Basic,0
728,20,83.15602200925206,40,8,Basic,0
729,30,93.3113022415281,14,3,Premium,1
730,45,33.15676851272598,35,2,Basic,0
731,66,91.58249646820886,48,0,Premium,0
732,42,110.9032520665641,56,9,NULL_VAL,1
733,50,37.968310887024195,49,3,Premium,0
734,55,43.75433249238776,13,8,Basic,0
735,23,117.13950940416396,61,9,Basic,1
736,61,38.097695270948975,49,5,Premium,0
737,62,105.4385093369579,46,5,Premium,0
738,49,69.22778564480348,62,0,Basic,0
739,62,44.723107440317705,8,9,Premium,1
740,64,107.07499012725114,43,1,Basic,0
741,38,64.53052550026655,20,5,Basic,0
742,33,71.48173539296903,39,1,Basic,0
743,38,55.92333693997657,49,2,Basic,0
744,28,79.29508514349274,64,3,Basic,0
745,54,36.352387258502276,62,4,Premium,0
746,53,59.10815366517607,54,8,Basic,0
747,52,116.94123223352875,9,3,Basic,0
748,36,45.81334327011275,37,8,Basic,0
749,37,85.67366645412922,49,9,Basic,1
750,35,52.51900642246949,41,2,Basic,0
751,64,97.34731256866006,17,7,Premium,0
752,58,33.08736607183498,21,0,Premium,0
753,66,116.98210450785447,51,8,Premium,1
754,31,65.37895413836392,59,8,Premium,0
755,32,43.605046334646396,39,9,Basic,0
756,48,27.349674733001265,55,1,Basic,0
757,18,36.97579050875407,41,3,Basic,0
758,20,71.97739485560177,39,7,Basic,0
759,33,53.70031764312863,13,6,NULL_VAL,1
760,40,102.88833658826094,64,0,Basic,1
761,28,63.08875236618059,11,4,Basic,0
762,29,44.87142725876299,19,6,Premium,1
763,27,81.714498660403,11,3,Premium,0
764,49,90.67772168854458,46,0,Premium,0
765,33,36.704190790094984,45,8,Basic,1
766,25,36.761921628831765,1,4,Basic,1
767,55,23.667142693354297,40,1,Basic,0
768,29,93.64020150656405,19,7,Basic,1
769,41,86.38045276218051,61,1,Basic,0
770,45,67.46308757498139,12,2,Basic,0
771,25,104.41704489691972,61,9,Premium,0
772,45,100.56701529500532,33,0,Basic,0
773,53,78.53543643967521,45,1,Premium,0
774,43,106.82712805132586,69,6,Premium,1
775,25,40.58412100367683,8,9,Basic,1
776,67,31.19196193977279,25,1,Premium,0
777,45,46.97496115169896,46,5,Basic,0
778,45,25.708685608931486,30,2,Basic,0
779,54,73.1169528001032,47,3,Premium,0
780,58,113.66056922949615,49,7,Basic,0
781,53,23.934354066850965,47,2,NULL_VAL,0
782,44,32.21099140100268,18,9,Basic,0
783,34,65.21990282834352,66,5,Basic,0
784,26,113.38750175279048,68,0,Basic,0
785,50,51.61561049767505,33,6,Basic,0
786,37,70.72348086883925,36,7,Basic,0
787,30,24.15728590503921,19,7,Premium,1
788,45,34.834320096208884,28,2,Premium,0
789,65,118.66301229588468,40,9,Premium,1
790,46,116.51186964360456,15,0,Basic,0
791,30,20.49399809344096,41,8,Premium,0
792,63,115.18117854232389,39,5,Premium,0
793,52,83.91199378155004,2,8,Premium,1
794,23,106.79182945200222,63,6,Basic,1
795,35,65.47398556338591,29,0,Premium,0
796,68,71.55960285792503,66,0,Premium,0
797,22,68.88465802569202,51,5,Basic,0
798,64,86.68642575461044,10,4,Premium,0
799,42,33.96512547563129,14,8,Basic,0
800,19,22.997358987267795,51,1,Basic,0
801,27,50.79299415911909,39,7,Basic,0
802,47,90.46807627366466,28,4,Basic,0
803,67,40.185345212294834,3,1,Basic,1
804,62,87.34324333249174,70,9,Premium,0
805,22,116.99120461072704,27,5,Basic,0
806,50,29.39007157894184,2,9,Premium,1
807,18,87.26021182251263,38,7,Premium,1
808,35,64.37502193045711,3,3,Basic,1
809,49,106.81422543775054,16,1,Premium,0
810,64,37.71497894473859,40,4,NULL_VAL,0
811,66,89.26259522261645,2,1,Premium,1
812,28,103.81152896481102,41,1,Premium,0
813,38,114.46142194740233,12,5,NULL_VAL,1
814,43,88.32480282896458,35,9,Premium,1
815,42,69.71747640084273,65,8,Basic,0
816,39,81.78472402012139,55,3,Premium,0
817,44,106.89049844787182,45,5,Premium,1
818,66,77.06097466388297,62,6,Basic,1
819,30,23.038705969683686,49,5,Basic,0
820,50,113.09486955069778,25,7,Premium,1
821,51,88.95267510315611,23,3,Basic,0
822,58,87.65133857772466,24,0,Premium,0
823,52,41.567515239771716,38,6,Basic,0
824,18,85.88854702326572,28,2,Basic,0
825,38,59.386440565415846,21,5,Basic,0
826,65,85.12329770414921,54,1,Basic,0
827,23,30.659303030799073,18,8,Premium,0
828,45,85.7845304603036,36,0,Premium,0
829,34,119.94137257706666,45,5,Premium,0
830,22,24.821203886055603,53,5,Basic,0
831,48,117.71741842213173,30,4,Basic,0
832,22,60.690796072287064,60,4,Premium,0
833,55,107.07534503372591,32,0,Premium,0
834,20,98.23854840582734,67,9,Basic,0
835,40,76.70162609866678,67,4,Basic,0
836,54,93.84492092513266,28,1,Basic,0
837,54,107.8515561301348,44,6,Premium,1
838,27,60.4140321651033,41,2,Premium,0
839,27,52.70331615632387,63,3,Basic,0
840,36,86.75933855635847,23,2,Basic,0
841,34,100.78459419412586,48,2,Premium,0
842,38,96.22851347766158,32,3,Basic,0
843,31,99.78136488586345,57,4,Basic,0
844,26,63.5583314812933,33,0,Basic,0
845,63,101.78342161750216,24,3,Basic,0
846,18,32.02090553706084,39,7,Basic,0
847,68,74.44890979608496,34,9,Premium,1
848,62,20.575866049812156,56,6,Premium,1
849,30,52.45858299002703,28,8,Premium,1
850,21,56.646153487139784,37,4,Premium,0
851,18,59.61726916092554,7,9,Basic,0
852,66,89.54672066898621,68,3,Premium,0
853,57,58.85581012703457,37,7,Basic,0
854,49,64.86936226225306,56,8,Premium,1
855,51,43.754413087432745,65,6,NULL_VAL,0
856,45,57.325179162934006,65,6,Basic,0
857,48,42.72696272631515,47,4,Basic,0
858,25,27.319592376844362,20,3,Basic,0
859,56,80.34485933813778,19,9,Basic,1
860,43,86.82127985550163,29,0,Basic,0
861,51,81.94903460096145,60,9,Premium,0
862,20,66.34940438005724,18,9,NULL_VAL,0
863,67,57.978578017922985,35,6,Basic,1
864,29,106.33336495718252,43,0,Basic,1
865,18,71.9081785136218,11,0,Basic,0
866,61,67.9181877629731,49,4,Premium,0
867,22,22.564206580643567,38,8,Basic,1
868,47,54.12478276261564,64,5,Basic,0
869,47,58.019561878585705,69,2,Basic,0
870,34,59.88227808969005,8,2,Basic,0
871,65,78.01723692273322,34,6,Basic,0
872,64,73.36025467268784,48,5,Premium,0
873,40,80.79050927934446,56,8,Basic,0
874,32,96.48832615421283,65,5,Premium,1
875,54,101.29857387160935,31,4,Basic,0
876,38,91.81230762264944,4,9,Premium,1
877,31,115.55236959549347,50,6,Premium,0
878,19,21.823258267636163,69,0,Basic,0
879,28,39.57779856835461,30,6,Basic,0
880,68,20.756287497814213,59,2,Basic,0
881,56,84.7474714154603,67,8,Premium,1
882,55,109.8030548949987,45,5,Basic,0
883,51,44.34822965762993,4,8,NULL_VAL,0
884,55,112.70345447963066,26,4,Basic,0
885,67,26.026739028956086,27,6,Premium,1
886,51,113.44360268055144,46,3,Premium,0
887,35,55.16226872396344,64,6,Premium,1
888,47,30.142082844921653,51,0,Basic,0
889,32,68.58717591863257,50,6,Basic,1
890,44,45.677656772050796,6,7,Premium,1
891,68,48.48729019619228,59,4,Basic,0
892,51,50.72899649262865,15,1,Basic,0
893,69,100.30258978326634,30,4,Basic,1
894,55,73.91612766752544,42,5,Basic,0
895,50,51.13076991560037,37,1,Basic,0
896,41,81.03337833109184,42,5,Basic,0
897,32,91.61506742231936,35,5,Basic,0
898,47,47.262400073353376,6,0,Premium,0
899,59,61.354910152535155,68,0,Premium,0
900,68,32.18860933369476,18,9,Premium,0
901,34,38.11493495346803,29,2,NULL_VAL,0
902,22,88.11178539649828,59,9,Basic,0
903,46,38.143834769562694,47,9,Basic,1
904,21,72.51633836670601,17,2,Basic,0
905,27,90.90462617224327,22,3,Basic,0
906,34,30.687692309474386,68,1,Premium,0
907,27,76.73122196289034,69,8,Basic,1
908,34,45.65627837013638,37,9,Basic,1
909,37,116.29268752375798,49,6,Basic,0
910,41,68.35456467199248,13,6,Basic,1
911,22,100.59925497751581,34,5,Premium,0
912,51,75.02265421562618,53,2,Basic,0
913,23,24.341253285481915,51,5,NULL_VAL,0
914,19,83.31513755940223,3,7,Basic,1
915,30,115.14033422066571,42,7,Basic,0
916,60,80.16118201463311,32,8,Premium,0
917,60,101.91888594267903,51,0,Basic,0
918,65,108.42064633484078,46,0,Premium,0
919,28,42.80797719489325,21,2,NULL_VAL,0
920,68,41.204483990822666,44,2,Premium,0
921,64,81.09809888509918,11,9,Premium,0
922,40,61.10284698067047,68,7,Basic,1
923,33,103.98613028667204,1,9,Premium,1
924,48,110.00231233980112,63,0,Basic,0
925,28,55.34213793027181,24,1,Premium,0
926,33,43.687055897448204,13,1,Premium,0
927,25,98.05255152438619,11,2,NULL_VAL,1
928,21,47.48060355481361,51,5,Premium,0
929,57,102.26143185136785,17,0,Basic,0
930,21,62.37382536487628,24,1,NULL_VAL,0
931,42,86.75498992914704,19,0,Premium,0
932,20,29.55353138346682,37,4,Premium,0
933,49,82.3859324676573,8,6,Premium,0
934,20,65.17676787372291,28,7,Basic,0
935,44,78.66084631754741,5,9,Basic,1
936,46,36.801420774486346,17,0,Basic,0
937,49,93.68737449441821,36,6,Premium,0
938,67,106.27970775432286,19,4,Basic,0
939,68,41.67398000907757,64,9,Basic,0
940,36,29.57145555201617,11,0,Basic,0
941,38,22.36385860463364,54,2,Premium,0
942,22,84.1971500443266,45,6,Basic,0
943,35,80.70940360887808,47,9,Basic,0
944,45,74.669741271407,12,0,Basic,0
945,59,43.194709611597546,21,6,Basic,0
946,39,59.09059959055147,11,4,Basic,0
947,38,79.4476335186173,5,0,Basic,1
948,23,69.67668588591694,56,0,Basic,0
949,18,118.77855202148874,20,0,Premium,0
950,22,33.64397525567331,41,8,Premium,0
951,58,89.51445540475937,46,2,Basic,0
952,29,60.431876810429216,12,4,NULL_VAL,0
953,43,62.819961492561475,70,9,Basic,1
954,63,91.75977656581762,17,8,Premium,0
955,51,89.24361513243696,19,5,Premium,0
956,66,119.12559937021884,26,8,Basic,1
957,31,32.83942894541252,48,7,Basic,0
958,43,30.410964938416633,52,7,Basic,0
959,62,92.43388171287411,70,0,Basic,0
960,44,77.83869170064091,55,8,Premium,0
961,26,47.416066655980586,33,5,Basic,0
962,43,27.94193689889866,62,8,Basic,0
963,64,28.565824959643052,23,2,Basic,0
964,39,109.41908746641182,15,2,Basic,0
965,64,39.18673247187429,27,5,Basic,0
966,47,52.33715621155208,64,8,Basic,1
967,60,42.6656402226988,51,6,Premium,1
968,65,55.49963058319373,53,2,Basic,0
969,34,26.94238427460934,51,2,Basic,0
970,43,71.90597909082703,47,1,Premium,0
971,53,26.76125635922149,4,8,Basic,1
972,18,100.03565078223616,7,2,Premium,0
973,25,43.3712081910433,35,4,Premium,0
974,66,74.00119146045105,48,8,Basic,0
975,52,108.00790875614582,45,7,Basic,1
976,69,85.08773690471942,19,1,Basic,0
977,32,73.29577865513353,63,2,Basic,0
978,64,52.43337531153756,38,1,Basic,0
979,39,53.300191305819794,67,7,Basic,1
980,31,86.94869551981901,59,5,Basic,0
981,43,119.41393612211675,69,5,Basic,0
982,45,86.18391898493786,13,8,Premium,0
983,40,75.77834173700249,47,7,Basic,1
984,31,93.06505102392461,61,3,Basic,1
985,41,66.52056122837182,31,3,Basic,0
986,19,26.01423426007852,22,8,Premium,1
987,62,76.22968158779098,43,0,Basic,0
988,43,115.76252845053801,67,1,Premium,0
989,31,37.530294235765965,54,1,Basic,0
990,68,89.00048908206658,10,5,Premium,0
991,24,40.093368865905646,42,3,Basic,0
992,20,73.58276844730813,64,9,Basic,1
993,64,29.66764496467196,21,2,Basic,0
994,40,65.03709362581851,66,2,Basic,0
995,63,95.61633288952461,41,2,Basic,0
996,60,54.757152423898205,24,5,Basic,0
997,64,86.4911724487218,35,7,Premium,1
998,62,99.54499607897291,56,6,Premium,1
999,35,112.71778194794527,30,3,Basic,0
1000,55,43.46420818554535,57,3,Basic,0
